date,MidSac at WilkinsSlough, Sutter Bypass,Sutter Bypass as a percent of Sacramento,Low sac at SacAmerican,YoloBypass,Yolo as a percent of Sacramento,LowSJ at Merced,UpSac atRedBluff,UpSJ at LanderAve
10/1/1921,5000,0,0,10511,19.59,0.19%,204.1,6979,0
11/1/1921,5000,0,0,10257,212.3,2.07%,1058,5529,294.6
12/1/1921,5000,0,0,11674,194.9,1.67%,506.9,4812,88
1/1/1922,6300,0,0,15304,78.21,0.51%,400.3,5153,61.48
2/1/1922,12654,0,0,28713,1984,6.91%,897.2,8628,429.4
3/1/1922,10911,0,0,23930,36.12,0.15%,1259,10117,966.4
4/1/1922,10424,0,0,25187,1519,6.03%,2749,9452,1864
5/1/1922,12296,0,0,20957,116.4,0.56%,625.3,16025,448.4
6/1/1922,8140,0,0,12765,771.8,6.05%,711.8,16931,832.6
7/1/1922,5548,0,0,11559,987.8,8.55%,1137,12318,1290
8/1/1922,3473,0,0,10125,1107,10.93%,1117,8548,1247
9/1/1922,4145,0,0,7028,815.8,11.61%,1297,5725,1331
10/1/1922,3846,0,0,8739,570.7,6.53%,1056,5350,626.8
11/1/1922,11181,0,0,27269,1058,3.88%,1906,8270,944.1
12/1/1922,9770,0,0,21389,55.85,0.26%,737,7007,339.3
1/1/1923,10595,0,0,20935,91.14,0.44%,422.9,7205,80.93
2/1/1923,44414,0,0,73540,15938,21.67%,1740,32438,1217
3/1/1923,26547,0,0,52798,2110,4.00%,2012,21229,1457
4/1/1923,13715,0,0,28707,314.5,1.10%,4137,12959,3691
5/1/1923,8032,0,0,20170,284.3,1.41%,2067,11144,530.4
6/1/1923,5261,0,0,17409,748.8,4.30%,3076,12910,2918
7/1/1923,9137,0,0,20687,900.1,4.35%,890.1,15691,1048
8/1/1923,5378,0,0,14918,1280,8.58%,1552,10338,1505
9/1/1923,4480,0,0,8569,1181,13.78%,1521,6387,1210
10/1/1923,4481,0,0,12749,383.2,3.01%,1085,6332,646.8
11/1/1923,6363,0,0,18828,618.6,3.29%,2024,5134,980.4
12/1/1923,8231,0,0,21042,61,0.29%,872.5,6147,89.89
1/1/1924,7522,0,0,18382,123,0.67%,1192,5670,221.5
2/1/1924,8069,0,0,19569,132.8,0.68%,1336,6182,500.6
3/1/1924,22541,0,0,48253,1927,3.99%,1748,18766,963.1
4/1/1924,14050,0,0,23027,343.6,1.49%,3963,12273,3564
5/1/1924,9471,0,0,19236,364.6,1.90%,1848,13500,1219
6/1/1924,7222,0,0,15441,849.1,5.50%,705.5,14692,787.1
7/1/1924,10596,0,0,17052,1023,6.00%,978,16932,1130
8/1/1924,3874,0,0,8026,1259,15.69%,1231,8788,1316
9/1/1924,3439,0,0,7551,1174,15.55%,1519,5212,1497
10/1/1924,5429,0,0,8943,569.3,6.37%,788.6,6958,550.1
11/1/1924,5267,0,0,13546,362.5,2.68%,1994,4775,1116
12/1/1924,5633,0,0,11353,63.1,0.56%,631.5,4684,172
1/1/1925,5964,0,0,10296,63.01,0.61%,473.7,4945,114.3
2/1/1925,6360,18183,2.858962264,13040,120.4,0.92%,588.6,4869,206.1
3/1/1925,6604,0,0,11873,67.55,0.57%,1418,6040,895.7
4/1/1925,6670,0,0,11139,240.6,2.16%,2049,6541,1635
5/1/1925,3250,0,0,7306,571.4,7.82%,1088,7129,491.2
6/1/1925,6621,0,0,11711,661.7,5.65%,929.4,13531,856
7/1/1925,4902,0,0,9227,905.1,9.81%,751.6,11708,933.4
8/1/1925,4187,0,0,6663,1023,15.35%,1302,9827,1415
9/1/1925,4117,0,0,7530,1050,13.94%,1340,6086,1354
10/1/1925,5608,0,0,8752,740.7,8.46%,626.2,6894,463.3
11/1/1925,6314,0,0,9316,459.5,4.93%,907.7,6929,635.1
12/1/1925,8181,0,0,17324,812,4.69%,486.2,6035,114.8
1/1/1926,11077,0,0,19953,147.7,0.74%,411.9,7547,84.03
2/1/1926,11182,5607,0.501430871,25127,115.6,0.46%,614.2,7787,243.7
3/1/1926,8196,0,0,24466,1101,4.50%,1585,6070,1155
4/1/1926,5548,0,0,17195,163.7,0.95%,2131,5114,1782
5/1/1926,5744,0,0,13232,282.9,2.14%,1187,9170,494.6
6/1/1926,4041,0,0,12104,721.6,5.96%,695,12395,585.8
7/1/1926,3250,0,0,11517,917,7.96%,1049,10056,1221
8/1/1926,4008,0,0,8747,1121,12.82%,1116,8768,1244
9/1/1926,3250,0,0,7577,1209,15.96%,1367,5105,1373
10/1/1926,3434,0,0,11546,233.8,2.02%,649.4,4967,425.3
11/1/1926,4709,0,0,8886,533.5,6.00%,1105,5347,612
12/1/1926,3825,0,0,6899,163,2.36%,475.5,3967,109.4
1/1/1927,6424,0,0,15357,108.2,0.70%,492.1,5079,132.5
2/1/1927,5587,47459,8.494540899,16024,73.9,0.46%,396.5,4476,105.3
3/1/1927,4484,0,0,9402,116.1,1.23%,1011,4389,751.6
4/1/1927,4392,2480,0.5646630237,11411,208.1,1.82%,1333,4547,630.1
5/1/1927,4469,0,0,7865,574,7.30%,606.7,7028,560.3
6/1/1927,5661,0,0,8141,740.2,9.09%,657.3,9436,800.4
7/1/1927,4176,0,0,5314,809.2,15.23%,654.3,9566,890.4
8/1/1927,3250,0,0,5034,1230,24.43%,1335,6866,1489
9/1/1927,3250,0,0,6519,1122,17.21%,1197,3867,1232
10/1/1927,4875,0,0,7594,428.7,5.65%,802.3,6355,539.2
11/1/1927,4076,0,0,9230,251,2.72%,515.7,4671,302
12/1/1927,8560,0,0,18602,1470,7.90%,1539,6511,910.3
1/1/1928,10193,0,0,18458,82.44,0.45%,1197,7349,750.1
2/1/1928,6977,0,0,17781,122.9,0.69%,1702,5470,1203
3/1/1928,4738,9634,2.033347404,22092,71.7,0.32%,3196,4620,2666
4/1/1928,4431,0,0,13174,181,1.37%,3797,4555,3368
5/1/1928,3746,0,0,12202,405.1,3.32%,2560,6552,1897
6/1/1928,4615,0,0,15272,479.9,3.14%,2603,11900,2557
7/1/1928,4514,0,0,12521,850.2,6.79%,977.2,11118,1135
8/1/1928,3250,0,0,7596,1173,15.44%,1031,5107,1157
9/1/1928,3250,0,0,7106,967.3,13.61%,1504,4756,1488
10/1/1928,3250,0,0,8813,696.1,7.90%,929.6,3859,746.9
11/1/1928,3250,0,0,10155,416,4.10%,685.7,4194,417.2
12/1/1928,3904,0,0,9210,202.1,2.19%,538.3,4064,168.7
1/1/1929,5191,0,0,11540,106.8,0.93%,653.1,4784,270.8
2/1/1929,5359,0,0,9508,84.68,0.89%,673.7,4565,322.6
3/1/1929,6764,0,0,12372,72.07,0.58%,1395,5812,935.2
4/1/1929,5526,0,0,11738,138.7,1.18%,1924,6619,1154
5/1/1929,5680,0,0,10864,289.9,2.67%,727.1,8006,489.9
6/1/1929,3885,0,0,11338,676.2,5.96%,627.5,9835,516.3
7/1/1929,3250,0,0,6856,831.9,12.13%,631.4,6242,818.8
8/1/1929,3250,0,0,3707,1086,29.30%,1257,6624,1378
9/1/1929,3598,0,0,6550,1166,17.80%,1177,4931,1206
10/1/1929,3250,0,0,5436,393.6,7.24%,748.7,4173,539.7
11/1/1929,3824,0,0,6430,391.3,6.09%,1349,4500,655
12/1/1929,6211,0,0,15513,427,2.75%,509.9,5411,95.76
1/1/1930,6311,0,0,10313,81.8,0.79%,561.8,5453,232.2
2/1/1930,6583,0,0,13115,91.18,0.70%,611.9,5454,212.1
3/1/1930,5019,0,0,12695,72.02,0.57%,1188,5082,947.7
4/1/1930,5528,0,0,13311,291.5,2.19%,2392,7020,1683
5/1/1930,4524,0,0,8537,466.1,5.46%,733,8137,640
6/1/1930,4946,0,0,9162,718.6,7.84%,725.6,12227,757.9
7/1/1930,3690,0,0,14607,876.8,6.00%,692.1,11006,930.5
8/1/1930,3250,0,0,4121,1005,24.39%,1234,4922,1377
9/1/1930,3250,0,0,5952,978.8,16.44%,1168,3775,1221
10/1/1930,3250,0,0,5921,695.8,11.75%,853.6,4147,654.3
11/1/1930,4448,0,0,11521,379.3,3.29%,980.8,4711,692
12/1/1930,5485,0,0,10616,85.07,0.80%,919.7,5207,418.4
1/1/1931,9333,0,0,21121,1661,7.86%,992.7,7192,513.8
2/1/1931,8671,0,0,18232,99.96,0.55%,1142,6716,708
3/1/1931,9415,0,0,19748,505,2.56%,2212,7365,1564
4/1/1931,9475,0,0,25076,1018,4.06%,4996,7501,3847
5/1/1931,7538,0,0,23005,124.2,0.54%,3988,10176,1270
6/1/1931,8198,0,0,21282,400.3,1.88%,1009,17364,870.5
7/1/1931,3430,0,0,15222,1029,6.76%,1045,11251,1176
8/1/1931,3430,0,0,7178,1133,15.78%,1661,9442,1466
9/1/1931,3430,0,0,8406,977.3,11.63%,1492,6476,1196
10/1/1931,3433,0,0,10258,541.6,5.28%,1088,5022,869.5
11/1/1931,3433,0,0,9429,261,2.77%,921,4260,575.9
12/1/1931,4019,0,0,11826,105,0.89%,579.5,4205,142.7
1/1/1932,13735,0,0,32471,142.9,0.44%,994.9,9101,262.8
2/1/1932,20702,0,0,62935,4198,6.67%,7731,12113,2912
3/1/1932,15482,0,0,45673,724,1.59%,8227,13216,3414
4/1/1932,10899,0,0,29915,246.9,0.83%,7564,10255,5561
5/1/1932,7085,0,0,17171,243.2,1.42%,5726,11084,4036
6/1/1932,5728,0,0,15996,654.3,4.09%,1014,12861,912.6
7/1/1932,4471,0,0,17881,883.3,4.94%,970.9,11588,1101
8/1/1932,3877,0,0,8090,1199,14.82%,1304,9760,1359
9/1/1932,3877,0,0,9414,940,9.99%,1348,6021,1242
10/1/1932,3872,0,0,8604,595.3,6.92%,1152,6032,826.6
11/1/1932,4057,0,0,10193,252.6,2.48%,1794,5209,994.9
12/1/1932,3872,0,0,11759,142.6,1.21%,887.4,4060,392.1
1/1/1933,4693,0,0,13776,169.4,1.23%,872.8,4303,459.9
2/1/1933,8862,0,0,26724,1791,6.70%,5768,6327,2848
3/1/1933,15100,0,0,45415,1457,3.21%,8065,9854,2938
4/1/1933,7866,0,0,20168,159.9,0.79%,10027,6207,8246
5/1/1933,3250,0,0,20593,269,1.31%,11104,7495,7762
6/1/1933,5866,0,0,18793,757.1,4.03%,1198,12813,1086
7/1/1933,4036,0,0,13450,776.3,5.77%,1114,11732,1225
8/1/1933,3538,0,0,8134,1170,14.38%,1944,9161,1417
9/1/1933,3250,0,0,6823,1215,17.81%,1687,5108,1313
10/1/1933,3250,0,0,9279,535,5.77%,963.9,4526,758
11/1/1933,9509,0,0,18645,319.8,1.72%,972.4,7355,632.9
12/1/1933,16231,0,0,33189,1076,3.24%,2613,10580,1802
1/1/1934,12776,0,0,28415,136.5,0.48%,5561,8742,1547
2/1/1934,54130,0,0,74476,46790,62.83%,10198,41442,5495
3/1/1934,62808,0,0,74126,55316,74.62%,10142,50205,6321
4/1/1934,23735,0,0,72176,1966,2.72%,25595,20349,12909
5/1/1934,8020,0,0,32506,293.3,0.90%,14927,9524,9730
6/1/1934,7201,0,0,16677,758.8,4.55%,8004,14255,6752
7/1/1934,4659,0,0,14845,955.5,6.44%,2609,10624,2021
8/1/1934,4659,0,0,11975,1102,9.20%,2426,10028,1625
9/1/1934,4659,0,0,9179,1154,12.57%,2184,6965,1564
10/1/1934,4659,0,0,8869,566.3,6.39%,2290,5269,1204
11/1/1934,4659,0,0,9876,297,3.01%,1234,4956,855.7
12/1/1934,6321,0,0,10990,135.9,1.24%,935.3,5805,271.6
1/1/1935,5262,0,0,9901,131.9,1.33%,980.5,4734,254.1
2/1/1935,5704,0,0,10310,130.7,1.27%,1159,5341,454.7
3/1/1935,10107,0,0,20351,354,1.74%,1674,9369,1065
4/1/1935,6371,5409,0.8490032962,14660,293.1,2.00%,2333,7384,1899
5/1/1935,7866,0,0,11705,665.2,5.68%,1279,11541,561.6
6/1/1935,9631,0,0,13816,875.9,6.34%,789,17302,785.7
7/1/1935,9886,0,0,19219,950.5,4.95%,865.2,16758,987.9
8/1/1935,4380,0,0,10532,1183,11.23%,1305,9061,1354
9/1/1935,3711,0,0,8247,972,11.79%,1370,5662,1334
10/1/1935,4112,0,0,9145,595.6,6.51%,1106,5240,815.4
11/1/1935,4523,0,0,11645,146.1,1.25%,1577,5294,689.3
12/1/1935,4973,0,0,14465,189,1.31%,583.1,4477,105.4
1/1/1936,13818,1274,0.0921985816,36737,2257,6.14%,1603,8868,989.7
2/1/1936,50471,6215,0.123140021,74172,30420,41.01%,6897,35634,3573
3/1/1936,37133,0,0,74590,31293,41.95%,6601,29802,2939
4/1/1936,15178,0,0,35112,232.4,0.66%,4180,13421,2764
5/1/1936,7012,0,0,17576,275.1,1.57%,4961,10124,3732
6/1/1936,5873,0,0,16271,754.2,4.64%,1156,13389,1119
7/1/1936,9024,0,0,21018,962.2,4.58%,1201,15364,1244
8/1/1936,4412,0,0,12299,1123,9.13%,1220,9644,1233
9/1/1936,4412,0,0,8101,1048,12.94%,1611,6278,1547
10/1/1936,4410,0,0,12392,498.6,4.02%,1058,5714,697.4
11/1/1936,4410,0,0,12793,548.9,4.29%,1420,4574,997.3
12/1/1936,17467,0,0,42032,2987,7.11%,2433,10791,1393
1/1/1937,52725,0,0,73048,18419,25.21%,4593,40964,864.9
2/1/1937,55139,0,0,73672,27752,37.67%,10912,41584,5433
3/1/1937,27531,0,0,55709,2502,4.49%,5125,21547,2663
4/1/1937,23564,0,0,43966,4257,9.68%,4764,19701,2837
5/1/1937,11497,0,0,30336,228.8,0.75%,7363,10762,3038
6/1/1937,8511,0,0,19426,1145,5.89%,3109,14071,2801
7/1/1937,7201,0,0,19341,937.1,4.85%,1348,12823,1263
8/1/1937,5000,0,0,13511,1285,9.51%,2221,9941,1462
9/1/1937,5000,0,0,8861,1054,11.89%,1810,5548,1299
10/1/1937,6190,0,0,11328,807.8,7.13%,1651,7031,1040
11/1/1937,6497,41,0.0063106049,15044,197,1.31%,1255,6055,862
12/1/1937,23080,17667,0.7654679376,43994,1505,3.42%,1451,17226,709.6
1/1/1938,35524,0,0,73586,9140,12.42%,4681,26623,1517
2/1/1938,42102,45193,1.07341694,67711,10556,15.59%,2646,33629,687.8
3/1/1938,21289,55111,2.588707783,44298,1751,3.95%,1872,17975,727.5
4/1/1938,19528,5391,0.2760651372,45684,2418,5.29%,3961,16250,2958
5/1/1938,12449,0,0,32966,336.8,1.02%,2910,10455,377.2
6/1/1938,4844,0,0,20027,537,2.68%,3769,10741,1097
7/1/1938,4984,0,0,18512,1109,5.99%,2461,11173,1102
8/1/1938,4844,0,0,13778,1208,8.77%,2431,10146,1471
9/1/1938,5052,0,0,10398,1241,11.93%,1869,6283,1322
10/1/1938,4931,0,0,11260,778.9,6.92%,912.7,5942,592.8
11/1/1938,7593,0,0,21112,596.2,2.82%,1547,7007,1046
12/1/1938,12502,0,0,27079,241.9,0.89%,1680,10225,358.2
1/1/1939,34022,0,0,74412,26064,35.03%,7675,22919,3660
2/1/1939,17551,0,0,41424,830.4,2.00%,5484,13279,1684
3/1/1939,22242,0,0,53705,1162,2.16%,7080,18756,4529
4/1/1939,15188,0,0,40131,362.6,0.90%,4581,13094,3618
5/1/1939,6859,0,0,16318,362.9,2.22%,4714,9223,3464
6/1/1939,6232,0,0,14326,853.5,5.96%,1412,11906,1357
7/1/1939,6362,0,0,20502,1026,5.00%,1012,12072,1079
8/1/1939,4277,0,0,9315,1240,13.31%,1342,8838,1211
9/1/1939,4277,0,0,10367,1073,10.35%,1716,5932,1267
10/1/1939,4275,0,0,8674,835.4,9.63%,934.3,5296,720.1
11/1/1939,4275,0,0,11655,441,3.78%,1314,4292,1005
12/1/1939,4725,0,0,11154,193.3,1.73%,676,4082,178.6
1/1/1940,6101,690,0.1130962137,13721,217.9,1.59%,593.1,4884,186.3
2/1/1940,8720,18089,2.074426606,19080,2588,13.56%,1362,6019,653.6
3/1/1940,11304,22094,1.95452937,25664,163.4,0.64%,776.7,9762,205.1
4/1/1940,9563,2960,0.3095262993,20850,269.1,1.29%,2082,8419,1189
5/1/1940,3803,0,0,10951,389.1,3.55%,703.4,6656,392
6/1/1940,6734,0,0,15119,849.9,5.62%,1005,12616,908.8
7/1/1940,6346,0,0,17975,917.5,5.10%,1346,12475,1022
8/1/1940,3810,0,0,11482,1167,10.16%,1282,9115,1294
9/1/1940,3803,0,0,7928,1415,17.85%,1169,5909,1235
10/1/1940,3806,0,0,8368,858.1,10.25%,1017,5150,745.4
11/1/1940,6348,0,0,15422,372.4,2.41%,2076,5022,1133
12/1/1940,9459,2750,0.2907284068,18934,161.2,0.85%,855.2,6687,211.4
1/1/1941,7223,42060,5.823065208,14603,163.4,1.12%,1134,5392,93.12
2/1/1941,9775,37554,3.841841432,24310,2099,8.63%,1749,6959,622.3
3/1/1941,17132,20506,1.196941396,34292,944.5,2.75%,1779,13876,660.3
4/1/1941,9544,22835,2.392602682,21384,255.5,1.19%,3859,8739,2301
5/1/1941,5066,750,0.1480457955,14103,398.9,2.83%,1952,7083,516.7
6/1/1941,4677,0,0,15527,851.6,5.48%,2720,10681,1229
7/1/1941,3529,0,0,14529,968.5,6.67%,1519,10463,965.4
8/1/1941,3529,0,0,7424,1202,16.19%,2421,9208,1614
9/1/1941,3529,0,0,7866,1192,15.15%,1482,5358,1075
10/1/1941,3882,0,0,10548,806,7.64%,1214,4247,894.1
11/1/1941,6690,0,0,17365,348.1,2.00%,1869,5538,774
12/1/1941,30965,8319,0.2686581624,55827,3269,5.86%,1484,22816,366.6
1/1/1942,22808,16155,0.7083041038,38374,192.2,0.50%,3785,17978,1009
2/1/1942,10202,45224,4.432856303,20356,199.4,0.98%,2138,7438,337.4
3/1/1942,17358,0,0,37700,173.7,0.46%,2061,15945,1200
4/1/1942,10226,0,0,23491,341.9,1.46%,4335,9487,3451
5/1/1942,8450,0,0,17467,347.4,1.99%,757.9,11459,485.7
6/1/1942,7127,0,0,16752,807.9,4.82%,768.3,14336,685.1
7/1/1942,8131,0,0,19775,948.6,4.80%,1049,14601,1149
8/1/1942,5668,0,0,12067,1216,10.08%,1355,10832,1373
9/1/1942,4586,0,0,8876,1244,14.02%,1100,5471,1128
10/1/1942,5693,0,0,12985,569.4,4.39%,873.4,6767,676.2
11/1/1942,4586,0,0,13625,317,2.33%,1424,4723,971.1
12/1/1942,6601,0,0,17544,170.4,0.97%,1068,5198,518.3
1/1/1943,6255,7485,1.196642686,13902,616.2,4.43%,909.3,4962,136
2/1/1943,6969,5960,0.8552159564,17249,334.7,1.94%,1287,5072,118.3
3/1/1943,13244,7191,0.5429628511,27015,159,0.59%,699.7,11644,291.4
4/1/1943,10209,0,0,18117,399.5,2.21%,1051,9592,320.4
5/1/1943,6676,0,0,11041,646.4,5.85%,777,10606,614.4
6/1/1943,7531,0,0,14248,957.2,6.72%,652.8,14748,757.7
7/1/1943,6183,0,0,15322,926.3,6.05%,890.8,12137,1065
8/1/1943,3524,0,0,6543,1195,18.26%,1069,8438,1178
9/1/1943,3438,0,0,7505,1068,14.23%,1137,5562,1206
10/1/1943,4913,0,0,11903,748.4,6.29%,1044,5270,767.6
11/1/1943,4413,0,0,8441,316.6,3.75%,1527,4264,688
12/1/1943,4806,0,0,9427,255,2.70%,534.1,4149,104.5
1/1/1944,6172,0,0,11684,169,1.45%,430.1,4959,114.6
2/1/1944,8375,0,0,13475,210.3,1.56%,500.5,7142,160.3
3/1/1944,7503,0,0,17847,347.9,1.95%,1729,5758,1387
4/1/1944,12366,0,0,26455,528.5,2.00%,2836,8504,1940
5/1/1944,11502,0,0,21742,220.8,1.02%,831.5,10056,435.8
6/1/1944,5430,0,0,17160,649.3,3.78%,514.6,11092,575.2
7/1/1944,6622,0,0,20162,654.8,3.25%,792.7,12700,926
8/1/1944,6055,0,0,16169,1167,7.22%,1154,11211,1233
9/1/1944,5561,0,0,10944,972.3,8.88%,1155,7385,1201
10/1/1944,5212,0,0,11451,668.2,5.84%,1093,6300,676.7
11/1/1944,4299,0,0,13399,272.2,2.03%,665,4669,438.6
12/1/1944,5596,0,0,13728,393.3,2.86%,574.3,4599,138.8
1/1/1945,5121,0,0,10008,145.8,1.46%,440.5,4350,89.34
2/1/1945,5740,2888,0.5031358885,11667,156.1,1.34%,710,4471,343
3/1/1945,19061,0,0,37208,947.1,2.55%,1833,14914,1272
4/1/1945,10450,0,0,24109,216.2,0.90%,2130,9807,1746
5/1/1945,8919,0,0,17702,455.8,2.57%,1287,11936,648.9
6/1/1945,6851,0,0,13365,799.4,5.98%,664.6,15220,720.6
7/1/1945,5005,0,0,8806,1038,11.79%,880.1,10951,1018
8/1/1945,3339,0,0,6198,1141,18.41%,1196,8523,1286
9/1/1945,3727,0,0,7842,968.5,12.35%,999.5,5750,1061
10/1/1945,8592,0,0,12274,801.7,6.53%,812.4,10081,572.7
11/1/1945,3638,0,0,7668,384,5.01%,1521,3892,764.8
12/1/1945,3954,22219,5.619372787,7651,176.4,2.31%,529.1,3757,111.4
1/1/1946,6796,6093,0.8965567981,15701,203.6,1.30%,575.8,5246,194.4
2/1/1946,11747,0,0,31959,789.1,2.47%,702.9,7719,316.1
3/1/1946,11727,0,0,27834,140,0.50%,826.2,8237,445
4/1/1946,6098,0,0,26493,655,2.47%,812.5,5323,554.5
5/1/1946,5031,0,0,19671,341.9,1.74%,1271,8907,568.6
6/1/1946,4613,0,0,17345,811.8,4.68%,772.6,11931,834.6
7/1/1946,5218,0,0,13240,920.7,6.95%,948.8,12359,1091
8/1/1946,3250,0,0,7047,1362,19.33%,1124,7469,1227
9/1/1946,3250,0,0,7182,1002,13.95%,1280,5454,1318
10/1/1946,4243,0,0,10480,684.9,6.54%,1156,4564,670.2
11/1/1946,7838,0,0,41048,467.7,1.14%,1875,6400,1025
12/1/1946,13120,0,0,49632,1085,2.19%,4520,8846,4004
1/1/1947,15725,0,0,49606,2580,5.20%,6735,9823,3508
2/1/1947,16838,0,0,36330,572.9,1.58%,3016,11913,1066
3/1/1947,20052,0,0,37485,144.7,0.39%,1850,17913,1197
4/1/1947,10091,0,0,25673,260.3,1.01%,3731,9847,3379
5/1/1947,5699,0,0,13482,402.8,2.99%,833.3,8966,573.4
6/1/1947,6552,0,0,15531,692.6,4.46%,760.5,14048,826.5
7/1/1947,9898,0,0,23295,947.9,4.07%,1023,15754,1160
8/1/1947,4938,0,0,10901,1265,11.60%,1329,10045,1379
9/1/1947,4368,0,0,11225,978,8.71%,1093,6638,1156
10/1/1947,4369,0,0,10574,734.9,6.95%,1048,5285,789.3
11/1/1947,7046,0,0,18094,370.9,2.05%,1766,5701,879.2
12/1/1947,14839,0,0,30960,1154,3.73%,1226,9547,603.5
1/1/1948,41080,0,0,73132,21000,28.72%,4688,28971,1123
2/1/1948,30488,0,0,73471,11661,15.87%,3645,23546,1303
3/1/1948,24715,0,0,54967,1248,2.27%,4440,20333,3065
4/1/1948,15136,0,0,61169,228.2,0.37%,20591,13914,9088
5/1/1948,5000,0,0,26998,333.8,1.24%,11587,8312,8056
6/1/1948,7925,0,0,18537,807.2,4.35%,3347,13369,3231
7/1/1948,5442,0,0,19357,930.4,4.81%,1746,11528,1641
8/1/1948,5000,0,0,14457,1053,7.28%,2446,9729,1538
9/1/1948,5000,0,0,10123,1052,10.39%,1820,7487,1298
10/1/1948,5244,0,0,13171,665.8,5.06%,892.4,6610,701.3
11/1/1948,5000,0,0,16244,621,3.82%,1436,4662,1099
12/1/1948,14828,0,0,34302,2252,6.57%,878.7,9193,292.2
1/1/1949,61815,0,0,74024,28348,38.30%,1455,48267,281.8
2/1/1949,10075,0,0,18623,286.3,1.54%,2133,7339,475
3/1/1949,17300,8012,0.4631213873,32075,171.5,0.53%,1453,15793,921.4
4/1/1949,13345,0,0,28764,354.1,1.23%,2242,11963,1773
5/1/1949,7264,0,0,16752,310.8,1.86%,1273,7113,546.2
6/1/1949,5509,0,0,16110,587.3,3.65%,767.2,9634,663.3
7/1/1949,5964,0,0,22139,895.5,4.04%,961.5,13833,1065
8/1/1949,4957,0,0,15925,1024,6.43%,1165,9230,1216
9/1/1949,4233,0,0,8935,1011,11.32%,1204,6490,1225
10/1/1949,4234,0,0,12103,692.3,5.72%,897.3,4981,666.4
11/1/1949,7442,0,0,18061,570.5,3.16%,1722,7140,815
12/1/1949,8421,0,0,17231,180.7,1.05%,581.8,7457,135.2
1/1/1950,25500,0,0,38142,266.2,0.70%,678.2,21545,250.1
2/1/1950,27260,0,0,44750,1300,2.91%,730.8,22232,345.7
3/1/1950,24009,0,0,42406,1310,3.09%,1622,20013,1259
4/1/1950,16146,0,0,38500,464.2,1.21%,4401,13957,3541
5/1/1950,8776,0,0,18992,394.9,2.08%,775.9,11697,514.5
6/1/1950,6738,0,0,15292,834.4,5.46%,895.7,13289,938.6
7/1/1950,9527,0,0,22056,997.1,4.52%,1009,16091,1119
8/1/1950,4801,0,0,15430,1314,8.52%,1188,8387,1256
9/1/1950,4493,0,0,9810,1035,10.55%,1135,6014,1160
10/1/1950,5010,0,0,12931,652.3,5.04%,813.5,5698,565.8
11/1/1950,6140,0,0,16579,743.4,4.48%,1718,5165,925
12/1/1950,8347,10776,1.291002755,21512,874.2,4.06%,613,6189,158.1
1/1/1951,8627,3281,0.3803176075,16210,222.1,1.37%,855.4,6181,394.5
2/1/1951,7842,9636,1.228768171,18275,200.5,1.10%,1058,5712,562.9
3/1/1951,10208,0,0,17801,155.7,0.87%,1455,9146,908.4
4/1/1951,10465,0,0,17964,1114,6.20%,2074,9104,1613
5/1/1951,5917,0,0,11047,303.7,2.75%,1344,9142,624.2
6/1/1951,5760,0,0,18446,847.5,4.59%,778.4,13278,673.2
7/1/1951,10278,0,0,15112,960.6,6.36%,987.9,15734,1109
8/1/1951,10589,0,0,14718,1104,7.50%,1092,16307,1176
9/1/1951,3860,0,0,9408,1219,12.96%,1056,5054,1108
10/1/1951,8985,0,0,12602,554.3,4.40%,906.8,10356,665
11/1/1951,4654,0,0,11070,437.4,3.95%,1430,4433,600.7
12/1/1951,25454,3015,0.1184489668,60713,3810,6.28%,4054,15773,2577
1/1/1952,61196,14945,0.2442153082,76638,87525,114.21%,17534,43990,7976
2/1/1952,51184,16251,0.317501563,69359,19902,28.69%,4968,40155,2600
3/1/1952,23552,6631,0.2815472147,49768,1051,2.11%,5338,19947,2957
4/1/1952,13419,5648,0.4208957448,34385,252.4,0.73%,5612,12195,4240
5/1/1952,4958,0,0,27013,354.6,1.31%,5099,6767,1865
6/1/1952,7615,0,0,17147,812.2,4.74%,3525,14513,2022
7/1/1952,5780,0,0,19281,959.6,4.98%,1989,11825,1253
8/1/1952,4958,0,0,13884,1073,7.73%,2056,9823,1174
9/1/1952,4958,0,0,9496,1103,11.62%,1635,5519,1171
10/1/1952,5471,0,0,13848,733.4,5.30%,977.7,6182,695.6
11/1/1952,4958,0,0,14524,535.7,3.69%,1887,5273,1066
12/1/1952,4958,2654,0.5352964905,12673,205.8,1.62%,577.7,4776,125.8
1/1/1953,5999,38673,6.446574429,17455,310.3,1.78%,697.7,4660,277.2
2/1/1953,10286,0,0,23682,1788,7.55%,842.2,7567,362
3/1/1953,22512,0,0,37425,164.7,0.44%,1466,19372,1082
4/1/1953,12182,0,0,20350,365.6,1.80%,2508,11134,1638
5/1/1953,6440,0,0,19459,515.4,2.65%,1288,7125,927.9
6/1/1953,5919,0,0,17621,801,4.55%,1095,14180,477
7/1/1953,7592,0,0,17755,1099,6.19%,1028,13336,1128
8/1/1953,5521,0,0,10370,1428,13.77%,1268,10845,1300
9/1/1953,3819,0,0,9668,1407,14.55%,1026,5340,1078
10/1/1953,5261,0,0,13670,714.8,5.23%,961,4771,701.8
11/1/1953,5938,0,0,11201,302.4,2.70%,1379,5079,531.1
12/1/1953,9744,0,0,18749,241.2,1.29%,717.8,7470,237.1
1/1/1954,25905,0,0,43925,694.9,1.58%,1065,20550,505.3
2/1/1954,88489,18548,0.2096079739,75122,68344,90.98%,2093,69455,1047
3/1/1954,39404,5388,0.1367373871,68581,5078,7.40%,5299,31488,3585
4/1/1954,24881,2144,0.08617017,63517,4716,7.42%,9283,20267,4668
5/1/1954,10360,0,0,37740,259.6,0.69%,8020,10540,3718
6/1/1954,6506,0,0,17035,774.3,4.55%,4241,11755,2430
7/1/1954,5472,0,0,17569,879.3,5.00%,1772,10696,1019
8/1/1954,4552,0,0,13353,1274,9.54%,2287,9993,1422
9/1/1954,5675,0,0,11541,1245,10.79%,1978,6926,1376
10/1/1954,8014,0,0,11891,742.3,6.24%,1207,8708,973.7
11/1/1954,6903,0,0,13176,578.9,4.39%,1268,6701,904.7
12/1/1954,5600,0,0,11069,254.9,2.30%,612.1,4777,147.4
1/1/1955,15342,0,0,27003,356.9,1.32%,661.3,12588,254.8
2/1/1955,30429,0,0,52405,2624,5.01%,1330,24255,729.7
3/1/1955,20257,0,0,38087,358.6,0.94%,975.3,17527,335.7
4/1/1955,9361,0,0,20252,512.3,2.53%,953.7,8943,605.2
5/1/1955,5915,0,0,12184,682.7,5.60%,660.9,8374,438.6
6/1/1955,8403,0,0,15333,750,4.89%,675.6,16270,757
7/1/1955,8963,0,0,19690,1122,5.70%,846,15298,978.3
8/1/1955,5732,0,0,15053,1267,8.42%,1265,9728,1339
9/1/1955,4555,0,0,9016,1235,13.70%,1239,5526,1191
10/1/1955,5242,0,0,10500,710.8,6.77%,918.4,6045,664.1
11/1/1955,4554,0,0,9915,290,2.92%,1261,4623,400.3
12/1/1955,4554,31313,6.875933245,10347,235.2,2.27%,572.6,3882,124.4
1/1/1956,6518,53016,8.133783369,16876,280.8,1.66%,536.8,5094,138.8
2/1/1956,10741,19076,1.77599851,23322,1464,6.28%,822.7,6699,351.7
3/1/1956,18725,0,0,37181,360,0.97%,773.9,14393,368
4/1/1956,11132,0,0,24733,725.5,2.93%,1299,9810,579.3
5/1/1956,3609,0,0,11959,690.7,5.78%,972.5,5148,753
6/1/1956,4504,0,0,15601,885.6,5.68%,1183,12412,597.2
7/1/1956,6915,0,0,17774,1178,6.63%,942.7,13167,1107
8/1/1956,4448,0,0,9292,1196,12.87%,1176,9557,1266
9/1/1956,3250,0,0,7233,1270,17.56%,1130,4656,1171
10/1/1956,3250,0,0,11757,608.3,5.17%,839.8,4360,575
11/1/1956,5771,0,0,13922,787.7,5.66%,1804,4738,837.1
12/1/1956,8790,0,0,17339,172.6,1.00%,580.4,6315,116.5
1/1/1957,7868,0,0,18725,433.2,2.31%,635.3,5574,209.3
2/1/1957,11146,0,0,19076,315.1,1.65%,519.9,7983,175.6
3/1/1957,22318,0,0,34510,173,0.50%,1758,19084,1436
4/1/1957,11724,0,0,16854,470.5,2.79%,1208,10628,375.2
5/1/1957,6162,0,0,10768,627.8,5.83%,909.9,8435,690
6/1/1957,7596,0,0,11273,1056,9.37%,1195,15232,535.6
7/1/1957,8131,0,0,10233,1119,10.94%,815.3,14625,996.6
8/1/1957,3453,0,0,6775,1481,21.86%,1137,8475,1245
9/1/1957,3453,0,0,7286,1192,16.36%,1060,4320,1101
10/1/1957,5779,0,0,8992,526.5,5.86%,838.4,6673,591.7
11/1/1957,4805,0,0,10338,429,4.15%,1192,4201,295.6
12/1/1957,7593,0,0,16165,375.4,2.32%,782.4,5537,253.8
1/1/1958,6812,7719,1.133147387,11590,171.5,1.48%,526.1,5179,146.8
2/1/1958,15645,82394,5.266474912,31686,2565,8.10%,2589,11177,1724
3/1/1958,24045,40373,1.679060096,36248,890.1,2.46%,2347,19644,1589
4/1/1958,11460,13442,1.172949389,38417,221.9,0.58%,5900,10529,4937
5/1/1958,6649,0,0,18313,348.7,1.90%,884,8931,625.6
6/1/1958,6711,0,0,15735,771.8,4.90%,832,14661,828.5
7/1/1958,7263,0,0,18359,965.9,5.26%,858.4,13202,975.3
8/1/1958,5011,0,0,8949,1083,12.10%,1224,9672,1275
9/1/1958,4230,0,0,7943,1138,14.33%,1041,6111,1089
10/1/1958,6496,0,0,18474,1882,10.19%,1096,5466,814.6
11/1/1958,7917,0,0,22782,432.4,1.90%,1476,6099,633.7
12/1/1958,8532,0,0,21235,191,0.90%,830.3,6143,290.8
1/1/1959,8271,0,0,19126,3036,15.87%,439.7,5979,115.7
2/1/1959,10314,8574,0.8312972659,30779,1617,5.25%,1331,7409,717.1
3/1/1959,21505,0,0,38622,1830,4.74%,1197,18243,728.8
4/1/1959,23651,0,0,44099,607.7,1.38%,4165,19591,3111
5/1/1959,10964,0,0,28948,332.3,1.15%,3220,10414,282.1
6/1/1959,6630,0,0,19037,536.9,2.82%,2714,13488,856
7/1/1959,5853,0,0,19638,1024,5.21%,1709,11622,974
8/1/1959,5404,0,0,14803,1092,7.38%,1943,10147,1249
9/1/1959,4532,0,0,8941,1151,12.87%,1643,6631,1207
10/1/1959,4533,0,0,10190,769.2,7.55%,1261,5169,853.7
11/1/1959,6785,0,0,18272,647.2,3.54%,2001,5544,901.1
12/1/1959,8609,0,0,15290,180,1.18%,1283,7273,150.3
1/1/1960,8766,0,0,19039,361.7,1.90%,1047,6271,135.5
2/1/1960,7885,1326,0.1681674065,13988,195.3,1.40%,838.7,5952,238.2
3/1/1960,9766,0,0,17293,190,1.10%,1834,8796,1494
4/1/1960,7303,0,0,13123,399.5,3.04%,1120,6863,269.6
5/1/1960,5818,0,0,10549,586.7,5.56%,910.2,8892,666.5
6/1/1960,6948,0,0,14222,886.8,6.24%,1154,14002,594.9
7/1/1960,7548,0,0,18983,932.3,4.91%,715.4,14250,846.2
8/1/1960,5146,0,0,14884,1178,7.91%,1329,9471,1391
9/1/1960,3905,0,0,8594,1079,12.56%,1129,4766,1069
10/1/1960,3903,0,0,8866,592.2,6.68%,776.9,4725,406.4
11/1/1960,5748,0,0,14521,337.3,2.32%,1171,4927,812.4
12/1/1960,25797,0,0,59576,3419,5.74%,1463,16714,921.6
1/1/1961,44970,0,0,74520,34630,46.47%,1417,31550,695.6
2/1/1961,11416,5618,0.492116328,29276,365.3,1.25%,3889,8364,649.7
3/1/1961,14924,0,0,32355,181.8,0.56%,1275,13482,585.1
4/1/1961,15202,0,0,33184,346.5,1.04%,3010,12983,2517
5/1/1961,6984,0,0,19620,256.5,1.31%,1275,9783,467.9
6/1/1961,4573,0,0,15579,802.1,5.15%,2766,11145,882.5
7/1/1961,7018,0,0,19708,867.3,4.40%,2332,12950,944.1
8/1/1961,4113,0,0,11722,1060,9.04%,2445,7822,1281
9/1/1961,4113,0,0,8524,918.8,10.78%,1857,4614,1322
10/1/1961,4118,0,0,9702,675.4,6.96%,701.7,5196,466.1
11/1/1961,6373,0,0,20188,713,3.53%,3040,5196,1549
12/1/1961,11454,0,0,18700,833.8,4.46%,1944,9555,660.5
1/1/1962,14545,0,0,23508,247.7,1.05%,1631,10707,401.5
2/1/1962,12206,11872,0.9726364083,22232,1148,5.16%,1236,9084,433.5
3/1/1962,18596,0,0,31828,176.3,0.55%,1462,16532,925.2
4/1/1962,9715,0,0,19985,420.3,2.10%,2133,9212,1720
5/1/1962,10742,0,0,17825,544.7,3.06%,1381,14021,630.2
6/1/1962,9024,0,0,14255,2011,14.11%,874.5,16211,748.7
7/1/1962,8540,0,0,18351,1086,5.92%,947.6,14026,1095
8/1/1962,5234,0,0,10009,1269,12.68%,1176,9794,1258
9/1/1962,4373,0,0,11892,1078,9.06%,1259,6010,1237
10/1/1962,4401,0,0,9431,670.6,7.11%,930.3,5854,657.5
11/1/1962,6774,0,0,17491,986.2,5.64%,1400,5423,539.3
12/1/1962,10321,0,0,22642,1354,5.98%,1741,7048,1023
1/1/1963,24202,0,0,69509,7916,11.39%,1536,13335,960.3
2/1/1963,11013,6147,0.5581585399,27498,742,2.70%,2965,8070,1687
3/1/1963,20206,0,0,43608,1429,3.28%,2890,17435,1657
4/1/1963,21653,27828,1.285179883,38693,2117,5.47%,7386,18474,6264
5/1/1963,9860,0,0,35046,277,0.79%,16037,9669,7712
6/1/1963,4584,0,0,19123,535.3,2.80%,9037,9903,5930
7/1/1963,4584,0,0,18183,777.1,4.27%,4230,11297,2357
8/1/1963,4584,0,0,12342,1268,10.27%,2669,9982,1577
9/1/1963,4989,0,0,10167,1107,10.89%,1678,6691,1166
10/1/1963,8040,0,0,11817,762.1,6.45%,1574,8878,1196
11/1/1963,6229,0,0,13571,470.8,3.47%,2337,5821,1457
12/1/1963,6666,0,0,13443,206.5,1.54%,861.7,5431,238.4
1/1/1964,12223,0,0,30084,2110,7.01%,913.8,7862,291.4
2/1/1964,28918,0,0,53851,779.4,1.45%,1273,22846,345.5
3/1/1964,20413,0,0,41358,698,1.69%,1631,17000,1272
4/1/1964,10604,0,0,21351,329.8,1.54%,1488,10139,632.8
5/1/1964,4961,0,0,9898,558.8,5.65%,850.1,7589,611.8
6/1/1964,8852,0,0,15520,627.2,4.04%,1184,16547,706.6
7/1/1964,9071,0,0,20481,1093,5.34%,855.7,15490,1026
8/1/1964,4841,0,0,15069,1231,8.17%,1128,8569,1229
9/1/1964,4245,0,0,8739,990.9,11.34%,1081,5830,1137
10/1/1964,5197,0,0,10597,660.3,6.23%,987.3,5981,554.6
11/1/1964,5312,0,0,10897,232.7,2.14%,1188,4446,833.8
12/1/1964,12750,20835,1.634117647,24035,609.8,2.54%,1029,8351,499.5
1/1/1965,38103,26540,0.6965330814,75412,32925,43.66%,10082,22596,4557
2/1/1965,55779,0,0,73338,37966,51.77%,12706,42327,8002
3/1/1965,27510,0,0,59301,4050,6.83%,11734,21491,8857
4/1/1965,17191,1589,0.0924320866,48042,1511,3.15%,31865,14726,15652
5/1/1965,4783,0,0,25711,370.4,1.44%,16013,7200,10081
6/1/1965,8597,0,0,18020,830.8,4.61%,10690,14577,8066
7/1/1965,4909,0,0,16533,967.7,5.85%,4085,10665,3016
8/1/1965,4783,0,0,7895,1164,14.74%,2336,9497,1410
9/1/1965,4783,0,0,9000,1164,12.93%,1867,6045,1313
10/1/1965,4783,0,0,9531,832.5,8.73%,1435,5121,1036
11/1/1965,4783,0,0,10720,466.1,4.35%,1726,4460,773.9
12/1/1965,18180,0,0,44540,1211,2.72%,982.8,12397,265.2
1/1/1966,95141,0,0,77667,130727,168.32%,4630,74619,2518
2/1/1966,26234,0,0,61875,9103,14.71%,4998,18921,1449
3/1/1966,22086,0,0,42708,2665,6.24%,3098,18371,1759
4/1/1966,11726,0,0,21426,378.1,1.76%,2449,10790,1498
5/1/1966,4123,0,0,13931,397.5,2.85%,1726,7010,853.7
6/1/1966,6762,0,0,14643,826,5.64%,1463,13278,712.4
7/1/1966,10867,0,0,22792,1006,4.41%,1171,16325,1216
8/1/1966,4853,0,0,12470,1222,9.80%,1824,9634,1238
9/1/1966,4123,0,0,8091,1104,13.64%,1753,4402,1274
10/1/1966,4123,0,0,9001,702.3,7.80%,905.3,4630,620.9
11/1/1966,11319,0,0,27871,1920,6.89%,1855,7515,841.9
12/1/1966,26999,3463,0.1282640098,43704,3041,6.96%,1342,19655,514.5
1/1/1967,32417,7254,0.2237714779,52001,2577,4.96%,1683,23824,275.5
2/1/1967,10353,4672,0.4512701632,18857,592.5,3.14%,1459,7325,410.9
3/1/1967,22497,4936,0.219407032,42241,1363,3.23%,1532,19109,965.4
4/1/1967,13743,1847,0.1343956924,27622,429.3,1.55%,1891,12135,1356
5/1/1967,6879,307,0.0446285797,16846,297.2,1.76%,1203,7185,326.2
6/1/1967,5636,0,0,17919,731.3,4.08%,810.4,10946,736
7/1/1967,5582,0,0,20644,929.2,4.50%,886.8,12314,956.7
8/1/1967,4685,0,0,16034,1072,6.69%,1215,9159,1231
9/1/1967,4597,0,0,9944,1096,11.02%,1294,5763,1262
10/1/1967,4597,0,0,11317,681.8,6.02%,1201,5051,672
11/1/1967,5993,0,0,16346,560,3.43%,501.9,5189,202.7
12/1/1967,7814,0,0,18168,757.2,4.17%,848.9,5982,471.1
1/1/1968,7770,0,0,18060,205.7,1.14%,832.3,5517,392.3
2/1/1968,10144,9029,0.8900828076,24092,268.8,1.12%,857.1,7071,161.6
3/1/1968,13959,0,0,28796,197.5,0.69%,1741,12143,1294
4/1/1968,10527,0,0,19468,679.9,3.49%,1905,9451,1508
5/1/1968,4415,0,0,10873,686.3,6.31%,1430,6875,757.9
6/1/1968,7590,0,0,15804,709.9,4.49%,840.4,15082,796.4
7/1/1968,8419,0,0,17883,1126,6.30%,843.7,14420,943.9
8/1/1968,3712,0,0,7312,1187,16.23%,1059,8216,1094
9/1/1968,3712,0,0,8627,1165,13.50%,1367,4137,1321
10/1/1968,3966,0,0,9764,684.2,7.01%,752.4,4153,504
11/1/1968,7657,0,0,17694,540,3.05%,2138,5643,1009
12/1/1968,8685,0,0,17157,235,1.37%,856.4,6005,250.6
1/1/1969,25845,36572,1.415051267,48313,5065,10.48%,1011,16233,441.2
2/1/1969,52807,31573,0.5978942186,74157,30360,40.94%,2205,40847,1264
3/1/1969,25475,1964,0.0770951914,50462,4065,8.06%,1675,19946,852
4/1/1969,12302,787,0.0639733377,36508,1171,3.21%,4534,10622,2173
5/1/1969,4628,0,0,15330,1455,9.49%,4832,7482,1740
6/1/1969,8319,0,0,19419,1544,7.95%,763.3,16183,633.4
7/1/1969,6514,0,0,19654,1086,5.53%,1581,11876,1333
8/1/1969,4628,0,0,9830,1382,14.06%,2006,9087,1290
9/1/1969,4628,0,0,8917,1073,12.03%,1521,4807,1095
10/1/1969,4628,0,0,9857,765.9,7.77%,1458,5121,821.2
11/1/1969,17507,0,0,39676,1953,4.92%,1110,13289,768.6
12/1/1969,39523,7565,0.1914075349,73433,9398,12.80%,1861,31508,603
1/1/1970,54724,75013.2,1.370755062,73445,29262,39.84%,2657,43913,641
2/1/1970,23742,9358,0.3941538202,44549,3703,8.31%,2537,17820,356.1
3/1/1970,54424,0,0,74161,40228,54.24%,3213,45195,1470
4/1/1970,23307,0,0,46716,4257,9.11%,4673,19372,3655
5/1/1970,9261,0,0,30991,368.2,1.19%,3486,9778,604.2
6/1/1970,7928,0,0,18055,972.3,5.39%,863.2,15053,851.5
7/1/1970,6804,0,0,18504,970.7,5.25%,1156,11123,1208
8/1/1970,5191,0,0,15553,1194,7.68%,1634,9816,1195
9/1/1970,4594,0,0,9090,1201,13.21%,1599,5856,1171
10/1/1970,4594,0,0,10236,772.7,7.55%,1393,4841,885.6
11/1/1970,5630,0,0,13542,587.4,4.34%,1637,5140,739.6
12/1/1970,8521,7069,0.8295974651,18022,375.6,2.08%,987,6835,362
1/1/1971,6710,10247,1.527123696,12327,211,1.71%,890.7,4934,135.7
2/1/1971,17108,0,0,36423,2363,6.49%,1656,11415,760.3
3/1/1971,52546,6210,0.1181821642,70959,14283,20.13%,2199,43273,1496
4/1/1971,22948,0,0,43211,3899,9.02%,5017,18566,3936
5/1/1971,5523,0,0,31597,284.3,0.90%,3898,7056,473.8
6/1/1971,6549,0,0,17849,804,4.50%,2886,13473,998.4
7/1/1971,4848,0,0,19015,976.5,5.14%,1916,9396,1140
8/1/1971,4522,0,0,12916,1017,7.87%,1975,8497,1161
9/1/1971,4522,0,0,9130,940.9,10.31%,1669,5984,1186
10/1/1971,6471,0,0,15536,818.7,5.27%,1484,6035,1013
11/1/1971,6912,0,0,14552,341.5,2.35%,1812,5948,893.8
12/1/1971,5838,0,0,11991,231.1,1.93%,779.9,4465,175.1
1/1/1972,4713,0,0,9365,240.7,2.57%,535.7,4085,152.2
2/1/1972,6583,0,0,12148,301.4,2.48%,912.9,4600,322.7
3/1/1972,9809,0,0,16291,421.4,2.59%,684.2,8116,354.6
4/1/1972,7497,0,0,14365,365.8,2.55%,413.1,5861,158.7
5/1/1972,4095,0,0,7740,639.2,8.26%,625,6676,511.9
6/1/1972,5428,0,0,8196,915.8,11.17%,667.8,10814,737
7/1/1972,8475,0,0,14814,931.8,6.29%,818.7,12803,945.7
8/1/1972,4095,0,0,7086,1077,15.20%,943.4,5972,1030
9/1/1972,4095,0,0,11702,869.5,7.43%,1193,4793,1158
10/1/1972,4929,0,0,9351,797.1,8.52%,710.9,5790,403.7
11/1/1972,4107,0,0,6964,260.3,3.74%,1088,4176,264.1
12/1/1972,4280,0,0,7474,218.8,2.93%,602.5,3627,133.2
1/1/1973,5097,19070,3.74141652,10629,256.9,2.42%,573.2,4112,169.6
2/1/1973,4986,21316,4.275170477,8321,270.5,3.25%,572.5,3905,133.3
3/1/1973,4624,4784,1.034602076,8328,1668,20.03%,891.4,4102,563.4
4/1/1973,5694,0,0,7900,646.5,8.18%,471.9,6031,227.6
5/1/1973,3648,0,0,5854,545,9.31%,1299,4132,606
6/1/1973,7113,0,0,6715,669.2,9.97%,562,13097,587.8
7/1/1973,6846,0,0,8271,1020,12.33%,717.6,11683,877.6
8/1/1973,5104,0,0,6529,2197,33.65%,1092,8626,1187
9/1/1973,3250,0,0,6844,1273,18.60%,1167,3892,1196
10/1/1973,9716,0,0,11569,553.6,4.79%,778,11022,597
11/1/1973,5070,19139,3.77495069,11223,535.2,4.77%,410.4,4230,169.1
12/1/1973,8206,18461,2.249695345,16893,487.9,2.89%,809,6230,348.3
1/1/1974,31953,51110,1.59953682,73192,7766,10.61%,1410,18128,924.5
2/1/1974,27222,0,0,48692,5539,11.38%,5935,18886,5026
3/1/1974,27697,29061,1.049247211,72767,3011,4.14%,10775,21762,7742
4/1/1974,24007,6027,0.2510517766,48185,394.1,0.82%,13150,19890,10770
5/1/1974,7521,0,0,25917,355.2,1.37%,12385,8311,7981
6/1/1974,6393,0,0,16495,719.8,4.36%,4610,14029,2283
7/1/1974,6811,0,0,18993,989,5.21%,1933,13010,1143
8/1/1974,5064,0,0,15124,1010,6.68%,2006,9977,1289
9/1/1974,4715,0,0,9788,1098,11.22%,2553,5613,1642
10/1/1974,4715,0,0,10475,606.4,5.79%,1538,5539,883.7
11/1/1974,4715,0,0,12580,610,4.85%,1471,4705,1033
12/1/1974,4715,0,0,11176,230.6,2.06%,691.1,4168,148
1/1/1975,6160,0,0,17933,1867,10.41%,1265,4877,623.5
2/1/1975,13205,6286,0.4760318061,30123,1082,3.59%,3088,8247,1332
3/1/1975,22634,28050,1.23928603,44448,799.1,1.80%,4489,18481,1733
4/1/1975,11371,0,0,26489,258.4,0.98%,5713,10029,3300
5/1/1975,3800,0,0,15194,356.9,2.35%,3436,6999,783.9
6/1/1975,7702,0,0,19465,779.8,4.01%,1471,15672,1211
7/1/1975,4910,0,0,9807,1046,10.67%,1420,10519,1222
8/1/1975,3800,0,0,9700,931,9.60%,1993,8419,1238
9/1/1975,3800,0,0,8155,1040,12.75%,1463,5276,1084
10/1/1975,3976,0,0,9413,840,8.92%,1174,4184,841.7
11/1/1975,6986,0,0,13919,530,3.81%,2149,5382,1222
12/1/1975,10509,0,0,20751,1157,5.58%,808.4,7252,271
1/1/1976,13804,0,0,47222,3962,8.39%,5209,8484,1845
2/1/1976,54173,0,0,74309,42393,57.05%,14209,42524,7202
3/1/1976,23757,0,0,44145,1337,3.03%,7917,19597,6019
4/1/1976,13661,0,0,28895,329,1.14%,8123,12238,6743
5/1/1976,5036,0,0,14566,379.6,2.61%,3561,7577,1713
6/1/1976,6379,0,0,18073,783.2,4.33%,6515,12055,2603
7/1/1976,4961,0,0,17749,904.9,5.10%,3503,10771,1625
8/1/1976,4210,0,0,8528,1034,12.12%,2292,9574,1254
9/1/1976,4210,0,0,9265,962.2,10.39%,1838,5096,1344
10/1/1976,4209,0,0,8034,743.5,9.25%,1247,5097,753.1
11/1/1976,4268,0,0,8995,496.4,5.52%,1479,3811,1130
12/1/1976,6115,0,0,14130,300.8,2.13%,678.3,4731,172.9
1/1/1977,10376,0,0,23212,2508,10.80%,814.9,6951,310.9
2/1/1977,11076,0,0,20095,242.2,1.21%,943.3,7973,391
3/1/1977,18559,0,0,34556,540.3,1.56%,1956,15510,1399
4/1/1977,11610,0,0,21625,276.3,1.28%,2887,10362,1819
5/1/1977,5934,0,0,10919,489.5,4.48%,1523,7977,701.8
6/1/1977,8529,0,0,15162,773.2,5.10%,763.4,16449,783.3
7/1/1977,8452,0,0,18025,1078,5.98%,1012,14615,1088
8/1/1977,4957,0,0,12992,1178,9.07%,1175,9264,1202
9/1/1977,4261,0,0,8113,1178,14.52%,1114,5792,1172
10/1/1977,4259,0,0,10275,562.7,5.48%,1135,4296,821
11/1/1977,12351,0,0,42888,977.9,2.28%,1967,8445,928.7
12/1/1977,40688,0,0,74103,19669,26.54%,1075,32106,486
1/1/1978,24506,18287,0.7462254142,52330,4371,8.35%,3288,18269,878.1
2/1/1978,29186,10283,0.3523264579,65836,1549,2.35%,7192,22866,2749
3/1/1978,28370,17592,0.6200916461,62562,2968,4.74%,3915,22602,1554
4/1/1978,27196,733,0.026952493,73897,11941,16.16%,15195,22072,8521
5/1/1978,7647,0,0,41280,305.6,0.74%,11081,9090,6267
6/1/1978,5411,0,0,16950,814.3,4.80%,5955,10307,3134
7/1/1978,4951,0,0,14945,894.8,5.99%,4486,9466,1468
8/1/1978,4951,0,0,12773,1007,7.88%,2719,9431,1418
9/1/1978,10372,0,0,17681,1180,6.67%,2885,10995,1451
10/1/1978,9469,0,0,24282,1377,5.67%,4524,9239,2471
11/1/1978,13030,0,0,38760,1165,3.01%,7140,11018,4488
12/1/1978,22713,0,0,51915,1385,2.67%,11083,17766,7803
1/1/1979,50981,0,0,74576,43938,58.92%,17260,40583,10483
2/1/1979,78599,0,0,75113,82171,109.40%,17707,60366,11364
3/1/1979,73014,0,0,74661,84579,113.28%,16702,56431,12589
4/1/1979,27625,0,0,53399,9081,17.01%,17443,21098,13593
5/1/1979,12753,0,0,43799,1923,4.39%,20448,11598,14261
6/1/1979,5000,0,0,18066,737.1,4.08%,21683,11289,15656
7/1/1979,5000,0,0,13941,1360,9.76%,8280,9207,4305
8/1/1979,5000,0,0,11916,1754,14.72%,4122,8378,2304
9/1/1979,10994,0,0,22251,1179,5.30%,3803,11934,2309
10/1/1979,11337,0,0,21505,775.8,3.61%,3796,10688,3109
11/1/1979,21768,0,0,68433,4470,6.53%,5576,17720,3702
12/1/1979,48240,0,0,74390,43520,58.50%,8995,37583,5820
1/1/1980,23510,20679,0.8795831561,53426,6198,11.60%,9214,16824,5159
2/1/1980,14445,35130,2.431983385,32146,1215,3.78%,2855,11112,362.5
3/1/1980,20620,663,0.0321532493,40550,1569,3.87%,1134,17823,275.6
4/1/1980,13235,0,0,25987,481.5,1.85%,2962,11614,2455
5/1/1980,4634,0,0,14232,466.1,3.28%,1377,7101,487.8
6/1/1980,7121,0,0,15347,889.5,5.80%,1051,12517,920
7/1/1980,8393,0,0,22499,1037,4.61%,1266,13182,1208
8/1/1980,4634,0,0,8436,1451,17.20%,1455,7630,1392
9/1/1980,4634,0,0,8828,1245,14.10%,1327,5590,1257
10/1/1980,6566,0,0,12355,948.9,7.68%,1308,6518,955.7
11/1/1980,19167,0,0,35372,2072,5.86%,1822,14787,1290
12/1/1980,17509,0,0,26979,444.7,1.65%,1446,14068,536.1
1/1/1981,7118,0,0,17218,311.8,1.81%,1348,5127,373.4
2/1/1981,8208,0,0,19847,464.4,2.34%,979.2,5921,216.4
3/1/1981,12912,0,0,28534,543.2,1.90%,875.8,11166,259.7
4/1/1981,9657,0,0,21820,556.6,2.55%,1346,8827,343.7
5/1/1981,7311,0,0,14235,506,3.55%,942,10233,551.6
6/1/1981,6227,0,0,14589,948.6,6.50%,803.5,14269,798.6
7/1/1981,8352,0,0,19490,1154,5.92%,1275,14888,1322
8/1/1981,4596,0,0,14580,1346,9.23%,1213,7948,1212
9/1/1981,4596,0,0,9343,1133,12.13%,1250,4375,1206
10/1/1981,4892,0,0,12077,499.9,4.14%,1171,5473,662.2
11/1/1981,6210,2002,0.3223832528,14698,636.4,4.33%,1898,4867,848
12/1/1981,6613,21775,3.292756691,14779,295.6,2.00%,942.8,5021,337.9
1/1/1982,10167,4565,0.4490016721,28350,290.5,1.02%,2159,6801,635.3
2/1/1982,77357,18385,0.2376643355,77001,96769,125.67%,10910,57191,4988
3/1/1982,34420,7088,0.2059267868,74741,47938,64.14%,22284,26876,15413
4/1/1982,16631,21710,1.305393542,35639,2239,6.28%,7704,14188,5813
5/1/1982,4347,0,0,15476,422.9,2.73%,5201,6341,2985
6/1/1982,6197,0,0,15405,856.1,5.56%,3809,13177,3023
7/1/1982,6634,0,0,19067,1050,5.51%,1430,11510,1397
8/1/1982,4347,0,0,9851,1421,14.42%,1889,8811,1160
9/1/1982,4347,0,0,10202,1246,12.21%,1937,4128,1231
10/1/1982,4348,0,0,11402,437.9,3.84%,977.7,4649,509.4
11/1/1982,4595,0,0,13188,636.8,4.83%,1144,3923,712.8
12/1/1982,4976,9632,1.935691318,13004,280.5,2.16%,486.7,3881,135.1
1/1/1983,6636,23259,3.504972875,17398,266.5,1.53%,596,4932,147.3
2/1/1983,8331,55139,6.618533189,18959,710.1,3.75%,1031,5671,403.2
3/1/1983,20459,75771,3.703553448,33682,819.4,2.43%,1068,16389,405.8
4/1/1983,10261,11273,1.098625865,17282,653.2,3.78%,1418,9396,430.7
5/1/1983,5100,2766,0.5423529412,8353,425.6,5.10%,860.6,7510,676.3
6/1/1983,5977,0,0,9578,967.2,10.10%,793,14406,793.1
7/1/1983,7235,0,0,11315,1069,9.45%,956,12090,1020
8/1/1983,4199,0,0,6846,1169,17.08%,1019,9297,1054
9/1/1983,4199,0,0,7451,1041,13.97%,1007,4663,1061
10/1/1983,4364,0,0,8319,742.5,8.93%,893.4,4799,652
11/1/1983,4200,6258,1.49,9025,309.8,3.43%,913.5,3986,575.6
12/1/1983,7739,39836,5.147435069,15366,809.3,5.27%,549.4,5491,155.4
1/1/1984,15263,554,0.0362969272,25563,2429,9.50%,690.5,8791,235.8
2/1/1984,9029,0,0,16636,284.2,1.71%,871.4,6341,388.5
3/1/1984,9642,0,0,14837,246.5,1.66%,1815,8598,1152
4/1/1984,8283,0,0,13180,464.7,3.53%,1384,7703,487
5/1/1984,3381,0,0,6381,600.5,9.41%,1018,5647,679.6
6/1/1984,5480,0,0,8743,637.5,7.29%,899.2,11978,739.4
7/1/1984,8128,0,0,12753,959.5,7.52%,719.8,14413,841
8/1/1984,4550,0,0,8001,1188,14.85%,1156,9159,1202
9/1/1984,3381,0,0,6458,1183,18.32%,1138,4655,1151
10/1/1984,3984,0,0,9328,642,6.88%,905.7,4598,648.5
11/1/1984,6396,0,0,13278,288.1,2.17%,1387,4906,510.7
12/1/1984,7412,0,0,14261,319.6,2.24%,823.2,5528,304.3
1/1/1985,6811,0,0,13387,233,1.74%,707.9,5093,295.1
2/1/1985,6050,0,0,11807,252.5,2.14%,703.6,4504,259.8
3/1/1985,16347,0,0,51255,356.4,0.70%,1782,10656,1396
4/1/1985,12620,0,0,35151,587.1,1.67%,1326,10646,459.3
5/1/1985,4559,0,0,16589,696.1,4.20%,857.4,7202,688.8
6/1/1985,4012,0,0,15123,818.8,5.41%,698.7,11661,721
7/1/1985,6544,0,0,17020,1058,6.22%,918.6,12704,1068
8/1/1985,3712,0,0,12482,1191,9.54%,1110,8502,1176
9/1/1985,4417,0,0,12282,1387,11.29%,1283,4407,1222
10/1/1985,5211,0,0,12990,603.2,4.64%,1476,4769,552.3
11/1/1985,5359,0,0,11631,385.5,3.31%,886.6,4372,582.9
12/1/1985,4563,0,0,10173,261.8,2.57%,472.9,3862,139.8
1/1/1986,7391,0,0,16759,331,1.98%,459.6,5287,129.8
2/1/1986,7116,66689,9.371697583,13901,1052,7.57%,605.8,4982,193.9
3/1/1986,10609,28407,2.677632199,19196,213.9,1.11%,548.4,9398,125.8
4/1/1986,6724,0,0,12902,350.9,2.72%,856,6930,613
5/1/1986,4218,0,0,8701,702.1,8.07%,573.8,5183,381.8
6/1/1986,7691,0,0,11776,680.8,5.78%,608.2,14944,630.7
7/1/1986,6328,0,0,8907,982.7,11.03%,742.3,12589,898.4
8/1/1986,4182,0,0,9216,1144,12.41%,985.3,8473,1068
9/1/1986,3344,0,0,6448,1125,17.45%,1188,5195,1171
10/1/1986,3250,0,0,8900,655.9,7.37%,868.4,4096,665.2
11/1/1986,4131,0,0,7960,532.4,6.69%,809.8,3781,440.5
12/1/1986,4634,0,0,8439,261.2,3.10%,575.6,3871,154.5
1/1/1987,4323,0,0,7505,222.6,2.97%,388,3896,131
2/1/1987,5652,0,0,11745,325.2,2.77%,492.3,4229,149.3
3/1/1987,9227,0,0,23075,1517,6.57%,2733,6242,1935
4/1/1987,6928,0,0,13953,250.6,1.80%,2402,5071,1416
5/1/1987,4736,0,0,10074,343,3.40%,809.4,6178,382.2
6/1/1987,4573,0,0,11058,673,6.09%,611.6,9278,550.5
7/1/1987,3301,0,0,8783,818.9,9.32%,791.8,6598,897.3
8/1/1987,3373,0,0,6834,1017,14.88%,1170,6419,1228
9/1/1987,3397,0,0,7116,1001,14.07%,1068,5195,1053
10/1/1987,3387,0,0,8195,765.9,9.35%,1430,5092,753
11/1/1987,4533,0,0,8477,553.6,6.53%,1221,3996,940.1
12/1/1987,5224,0,0,11712,245.6,2.10%,699.4,4342,213.9
1/1/1988,5506,121,0.0219760262,11746,237.8,2.02%,640,4479,206.1
2/1/1988,9910,0,0,22759,2619,11.51%,1742,6666,963.2
3/1/1988,8751,0,0,18273,710.3,3.89%,2060,6144,1319
4/1/1988,8877,0,0,16182,268.1,1.66%,1320,8058,359
5/1/1988,7301,0,0,11729,377.5,3.22%,796.1,11495,476.2
6/1/1988,5064,0,0,8849,885.6,10.01%,779.9,11238,774.1
7/1/1988,6138,0,0,9827,993.4,10.11%,915.5,11553,1028
8/1/1988,3308,0,0,6313,1230,19.48%,1005,9110,1085
9/1/1988,3741,0,0,7350,1010,13.74%,1025,5895,1064
10/1/1988,3335,0,0,7892,734.9,9.31%,1221,4205,904.4
11/1/1988,3837,0,0,8369,243.4,2.91%,1394,3825,529.9
12/1/1988,6823,0,0,15542,1149,7.39%,881.9,5246,353.5
1/1/1989,22056,0,0,47889,6713,14.02%,2385,12592,1608
2/1/1989,21512,0,0,51545,6716,13.03%,4275,12345,3382
3/1/1989,26040,3945,0.1514976959,74356,10520,14.15%,9196,21276,5734
4/1/1989,17953,0,0,38162,297.2,0.78%,3998,15496,2484
5/1/1989,6846,0,0,21525,387.6,1.80%,4340,7087,2484
6/1/1989,7334,0,0,17066,773.9,4.53%,1343,12545,978
7/1/1989,5292,0,0,19429,836.5,4.31%,1158,11650,1186
8/1/1989,5527,0,0,14432,1023,7.09%,1624,10118,1234
9/1/1989,4760,0,0,8677,1086,12.52%,1452,6201,1100
10/1/1989,5969,0,0,13672,680.5,4.98%,1355,6572,1015
11/1/1989,4760,0,0,12862,371,2.88%,1636,4879,724.8
12/1/1989,5412,0,0,14812,235.2,1.59%,823.7,4457,277.1
1/1/1990,6746,0,0,16234,262.6,1.62%,693,5106,217.5
2/1/1990,8749,0,0,21713,742.4,3.42%,1077,6013,544.2
3/1/1990,11612,0,0,18759,248.3,1.32%,1980,10189,1411
4/1/1990,7310,0,0,13471,919,6.82%,1128,7063,623.7
5/1/1990,4138,0,0,6857,401.5,5.86%,1515,6481,722.3
6/1/1990,8708,0,0,12217,729.5,5.97%,870.5,16514,674.1
7/1/1990,8938,0,0,16770,1007,6.00%,792.7,15605,908.4
8/1/1990,11022,0,0,14609,1070,7.32%,1060,15681,1142
9/1/1990,6182,0,0,9380,1051,11.20%,1176,7669,1172
10/1/1990,9725,0,0,12313,764,6.20%,882.5,11173,637.7
11/1/1990,5224,0,0,12302,561,4.56%,1470,4486,612.3
12/1/1990,7086,0,0,14332,219,1.53%,816.9,5233,310.8
1/1/1991,46486,0,0,74996,37800,50.40%,2311,24291,1557
2/1/1991,23169,0,0,74150,10871,14.66%,11148,15973,6465
3/1/1991,80235,0,0,75025,81694,108.89%,9465,64225,6282
4/1/1991,27816,0,0,70614,5601,7.93%,13179,21383,10133
5/1/1991,14498,0,0,41772,394.2,0.94%,15090,12793,10548
6/1/1991,6163,0,0,36034,645.1,1.79%,13803,10238,7311
7/1/1991,7584,0,0,13024,920.6,7.07%,8754,13490,6162
8/1/1991,9928,0,0,16123,1043,6.47%,2538,14227,1442
9/1/1991,11447,0,0,17364,1004,5.78%,1744,12754,1291
10/1/1991,8729,0,0,16223,817,5.04%,1809,9451,1480
11/1/1991,6577,0,0,13788,389.3,2.82%,1698,6847,799.1
12/1/1991,10102,0,0,25142,2590,10.30%,933.1,7494,397.3
1/1/1992,22431,0,0,57454,2645,4.60%,1191,14611,513.9
2/1/1992,50899,419,0.0082319888,74431,35520,47.72%,4650,41287,1101
3/1/1992,24431,0,0,52168,3621,6.94%,5118,19841,2801
4/1/1992,16469,0,0,40096,1944,4.85%,5783,14147,3708
5/1/1992,11410,0,0,34120,1455,4.26%,4093,9939,1785
6/1/1992,4862,0,0,18135,1381,7.62%,3301,10896,2289
7/1/1992,5388,0,0,16674,978.3,5.87%,1919,11446,1224
8/1/1992,4640,0,0,9516,1270,13.35%,2147,9265,1416
9/1/1992,4640,0,0,9693,1125,11.61%,1626,5113,1129
10/1/1992,8445,0,0,12890,783.9,6.08%,1541,8622,1000
11/1/1992,7998,0,0,16842,618.5,3.67%,2646,7654,1304
12/1/1992,47435,0,0,75262,41100,54.61%,4993,39559,2241
1/1/1993,68952,12690,0.1840410721,77091,106564,138.23%,25341,52672,14473
2/1/1993,17454,8965,0.5136358428,40937,3895,9.51%,13447,12710,8283
3/1/1993,19107,0,0,45296,877.9,1.94%,13385,17169,10910
4/1/1993,12041,0,0,23930,451.2,1.89%,4260,11232,3246
5/1/1993,4853,0,0,12957,625.2,4.83%,3586,7527,3168
6/1/1993,6169,0,0,15068,851.9,5.65%,2961,13097,2593
7/1/1993,8287,0,0,20299,1013,4.99%,1005,13695,962
8/1/1993,4853,0,0,8763,1126,12.85%,1447,8636,1338
9/1/1993,4853,0,0,9255,1036,11.19%,1773,5183,1191
10/1/1993,6313,0,0,14135,820.4,5.80%,1522,6917,579.3
11/1/1993,6251,0,0,18301,691.7,3.78%,1541,5099,1055
12/1/1993,12910,0,0,24570,324.2,1.32%,1097,10592,417.1
1/1/1994,52632,0,0,72819,14136,19.41%,1861,40619,937.9
2/1/1994,88013,0,0,74844,90136,120.43%,7149,67056,3344
3/1/1994,46291,0,0,74071,38660,52.19%,6171,36040,3388
4/1/1994,24152,0,0,46991,5043,10.73%,9920,19764,7800
5/1/1994,23067,0,0,44548,703.2,1.58%,11751,17476,8994
6/1/1994,17356,0,0,54304,517.1,0.95%,17390,18277,9630
7/1/1994,9088,0,0,20337,799.8,3.93%,12827,14568,7370
8/1/1994,10485,0,0,18550,1729,9.32%,2949,14149,1480
9/1/1994,11907,0,0,23385,1400,5.99%,2549,12663,1542
10/1/1994,10372,0,0,20012,578.3,2.89%,2353,10329,1788
11/1/1994,15056,0,0,32464,643,1.98%,2066,13030,990.6
12/1/1994,18887,0,0,31733,272.9,0.86%,1324,16129,537.5
1/1/1995,19757,41327,2.091764944,53302,299.1,0.56%,1797,16628,448.7
2/1/1995,38591,8691,0.22520795,71239,4562,6.40%,2991,30719,774.9
3/1/1995,28310,67443,2.382303073,57913,4908,8.47%,1932,22714,1215
4/1/1995,20246,0,0,39545,2133,5.39%,3515,17503,2349
5/1/1995,5066,4900,0.9672325306,24657,436.7,1.77%,1438,7141,374.6
6/1/1995,5987,0,0,16549,1046,6.32%,962.7,11262,822.7
7/1/1995,7172,0,0,19938,964.1,4.84%,1261,12716,1181
8/1/1995,4925,0,0,9278,1416,15.26%,1646,8657,1232
9/1/1995,4925,0,0,10153,1103,10.86%,1730,6088,1162
10/1/1995,7178,0,0,13587,723.7,5.33%,1281,7554,930.6
11/1/1995,8658,0,0,17816,673.9,3.78%,1638,7777,1110
12/1/1995,8578,0,0,13717,270.2,1.97%,808.4,6982,209.9
1/1/1996,16699,1031,0.061740224,31792,1686,5.30%,1127,13569,545.1
2/1/1996,63078,36055,0.5715938996,74694,49765,66.63%,4557,52476,1662
3/1/1996,25701,5590,0.2175012645,60390,2484,4.11%,3748,20741,876.9
4/1/1996,19123,0,0,42737,623,1.46%,4258,16892,2184
5/1/1996,5669,0,0,15146,421.3,2.78%,2206,7724,612.6
6/1/1996,6549,0,0,16094,838.8,5.21%,1055,13098,948.1
7/1/1996,7077,0,0,19626,1056,5.38%,1367,11420,1308
8/1/1996,4919,0,0,12088,1106,9.15%,1817,9181,1167
9/1/1996,4886,0,0,9844,1090,11.07%,1723,4693,1138
10/1/1996,6320,0,0,14697,746.8,5.08%,1558,6111,953.4
11/1/1996,5969,0,0,13382,375,2.80%,1784,5242,796.3
12/1/1996,5213,12633,2.423364665,11794,266.9,2.26%,734.9,4153,164.5
1/1/1997,7191,52322,7.276039494,17729,313.9,1.77%,876,5155,288.5
2/1/1997,8784,0,0,19798,1707,8.62%,1100,5785,376.9
3/1/1997,15269,0,0,28949,1309,4.52%,2104,12170,1156
4/1/1997,11147,0,0,19835,352.5,1.78%,2670,9707,1559
5/1/1997,7227,0,0,10426,543,5.21%,1134,10788,704.8
6/1/1997,9131,0,0,14969,940.4,6.28%,1231,16043,993.7
7/1/1997,8103,0,0,11547,1171,10.14%,1157,12765,1146
8/1/1997,4593,0,0,7462,1123,15.05%,1052,9147,1063
9/1/1997,4034,0,0,7806,1064,13.63%,1316,4727,1296
10/1/1997,4034,0,0,8139,749.8,9.21%,1311,4551,936.1
11/1/1997,7225,0,0,14897,454.1,3.05%,1871,5264,834.3
12/1/1997,16136,0,0,27760,2080,7.49%,1359,9500,668.7
1/1/1998,18408,21219,1.152705346,31416,1739,5.54%,1225,12067,627.9
2/1/1998,12632,84713.3,6.706246042,29067,277.4,0.95%,854,9077,271.2
3/1/1998,14480,18071,1.247997238,30341,242.2,0.80%,711.4,12591,169.6
4/1/1998,10060,0,0,22080,326,1.48%,999.5,8924,591.7
5/1/1998,6504,6434,0.9892373924,13478,462.1,3.43%,1265,8972,423
6/1/1998,6112,8914,1.458442408,14538,684.7,4.71%,948.8,13353,864.9
7/1/1998,7305,0,0,17870,990.5,5.54%,1022,13070,1057
8/1/1998,5422,0,0,11218,1178,10.50%,1310,9771,1297
9/1/1998,4611,0,0,8663,1103,12.73%,1123,5285,1139
10/1/1998,4611,0,0,8703,748.1,8.60%,907.6,5351,681.8
11/1/1998,4611,0,0,11053,359.7,3.25%,1367,4119,894.9
12/1/1998,26476,832,0.0314246865,45338,4636,10.23%,1435,17201,673.5
1/1/1999,38828,0,0,65319,6087,9.32%,763.2,28453,256.9
2/1/1999,11364,28798,2.534142907,21618,1539,7.12%,1247,7858,641.5
3/1/1999,19785,8433,0.4262319939,37056,1707,4.61%,1154,16252,415.3
4/1/1999,20475,0,0,34601,2007,5.80%,3609,16895,2594
5/1/1999,9175,0,0,23460,415.6,1.77%,946.1,8166,370
6/1/1999,8522,0,0,19175,658,3.43%,1611,15306,884.9
7/1/1999,7340,0,0,19164,997.4,5.20%,1138,13044,1158
8/1/1999,5005,0,0,14693,1133,7.71%,1335,8556,1318
9/1/1999,5433,0,0,12581,1009,8.02%,1242,6562,1220
10/1/1999,6037,0,0,14940,722.8,4.84%,927.6,6403,659.7
11/1/1999,5467,0,0,17685,385,2.18%,1931,4369,1064
12/1/1999,18346,0,0,35163,1405,4.00%,918.9,12621,325.2
1/1/2000,19857,0,0,34184,424.7,1.24%,656,14165,215.9
2/1/2000,56926,36768,0.6458911569,70961,21847,30.79%,1109,45098,470.2
3/1/2000,22834,9345,0.4092581239,49544,3359,6.78%,1102,18740,260.1
4/1/2000,11215,0,0,21393,691.9,3.23%,1994,9977,1668
5/1/2000,8355,0,0,12792,690.3,5.40%,1426,10602,624.8
6/1/2000,8424,0,0,14299,844.1,5.90%,834.4,15351,850.2
7/1/2000,10969,0,0,23583,1003,4.25%,849.7,16502,965.5
8/1/2000,6740,0,0,15652,1283,8.20%,1240,10907,1277
9/1/2000,6668,0,0,10511,1129,10.74%,1173,7236,1128
10/1/2000,4264,0,0,10226,773.2,7.56%,1624,4373,1104
11/1/2000,5216,0,0,10230,272.2,2.66%,1460,4187,999.9
12/1/2000,9670,0,0,21536,1101,5.11%,1626,6334,864.4
1/1/2001,12478,0,0,26638,320.6,1.20%,6012,7283,3200
2/1/2001,11555,0,0,23608,1129,4.78%,7372,7604,3142
3/1/2001,21826,0,0,36442,2653,7.28%,3798,18276,1338
4/1/2001,12508,0,0,24979,492.8,1.97%,6810,10772,5471
5/1/2001,10570,0,0,27144,427.6,1.58%,5176,8813,1563
6/1/2001,7363,0,0,20870,1488,7.13%,2347,11108,806.7
7/1/2001,4882,0,0,15933,836,5.25%,1566,11252,995.7
8/1/2001,4540,0,0,10288,1140,11.08%,2121,9022,1368
9/1/2001,4540,0,0,9248,1135,12.27%,1763,4926,1203
10/1/2001,5708,0,0,10403,666.4,6.41%,1388,6336,812.9
11/1/2001,7116,0,0,17083,608.1,3.56%,1215,5891,594.9
12/1/2001,40722,1442,0.0354108344,73068,3645,4.99%,781.3,30574,184.7
1/1/2002,43669,9558,0.2188738006,73044,19511,26.71%,4783,33936,1722
2/1/2002,32261,0,0,71298,3857,5.41%,5717,25734,2024
3/1/2002,33353,0,0,65639,6059,9.23%,6003,25861,4714
4/1/2002,32103,0,0,75192,41759,55.54%,17950,24799,9820
5/1/2002,20460,0,0,54315,1498,2.76%,14544,18790,10423
6/1/2002,6961,0,0,18150,651.1,3.59%,4472,13035,3082
7/1/2002,5476,0,0,15198,1138,7.49%,2280,10539,1732
8/1/2002,5153,0,0,9784,1227,12.54%,2386,9390,1585
9/1/2002,11091,0,0,15978,1091,6.83%,1848,11297,1215
10/1/2002,9117,0,0,13324,824.5,6.19%,1687,9297,712.1
11/1/2002,7957,0,0,16078,380,2.36%,1463,7073,1023
12/1/2002,11833,7571,0.63982084,22660,254.6,1.12%,864.5,9639,298.5
1/1/2003,7211,19050,2.641797254,14983,243.6,1.63%,682.4,5161,202.2
2/1/2003,11736,0,0,30286,1030,3.40%,793.3,7808,243.3
3/1/2003,13856,0,0,31777,331.2,1.04%,1601,11873,1063
4/1/2003,9379,0,0,19517,538.9,2.76%,1431,8513,986
5/1/2003,4285,5446,1.270945158,7963,460.4,5.78%,1286,7226,556.5
6/1/2003,4633,0,0,8844,907.9,10.27%,823.8,11956,793.3
7/1/2003,8151,0,0,18940,985.4,5.20%,891.1,12775,978.5
8/1/2003,5307,0,0,14967,1365,9.12%,1132,9508,1158
9/1/2003,4547,0,0,8552,1035,12.10%,1307,4998,1248
